"No.","Quantity","Comment","Designator","Footprint","Value","Manufacturer Part","Manufacturer","Supplier Part","Supplier","Layer","Mounting Style"
"1","2","0.1µF","C1,C4","C0603","0.1µF","","","","","T","SMT"
"2","2","10µF","C2,C3","C0603","10µF","","","","","T","SMT"
"3","30","1N4148","D1,D2,D3,D4,D5,D6,D7,D8,D9,D10,D11,D12,D13,D14,D15,D16,D17,D18,D19,D20,D21,D22,D23,D24,D25,D26,D27,D28,D29,D30","DO-35_BD2.0-L4.2-P8.20-D0.5-RD","","1N4148","GOOD-ARK(固锝)","C406389","LCSC","T","DIP"
"4","2","10129380-904001ALF","H1,H2","HDR-SMD_4P-P2.54-V-M-LS4.8-2","","10129380-904001ALF","Amphenol","C5345898","LCSC","T","SMT"
"5","1","KT-0805G","LED1","LED0805-R-RD","","KT-0805G","KENTO","C2297","LCSC","T","SMT"
"6","1","KT-0603R","LED2","LED-SMD_L1.6-W0.8-R-RD","","KT-0603R","KENTO","C2286","LCSC","T","SMT"
"7","1","FS8205A","Q1","TSSOP-8_L4.4-W3.0-P0.65-LS6.4-BL-2","","FS8205A","","C14212","LCSC","T","SMT"
"8","3","1k","R1,R4,R5","R0603","1k","","","","","T","SMT"
"9","1","100","R2","R0603","100","","","","","T","SMT"
"10","1","1.2k","R3","R0603","1.2k","","","","","T","SMT"
"11","1","5.1Ω","R6","R0603","5.1Ω","","","","","T","SMT"
"12","30","KEYBOARD SWITCH","S1,S2,S3,S4,S5,S6,S7,S8,S9,S10,S11,S12,S13,S14,S15,S16,S17,S18,S19,S20,S21,S22,S23,S24,S25,S26,S27,S28,S29,S30","Switch_Keyboard_Cherry_MX:SW_Cherry_MX_PCB","","","","CPG151101S11","LCSC","T","DIP"
"13","1","TP4056","U2","ESOP-8_L4.9-W3.9-P1.27-LS6.0-BL-EP","","TP4056","","C9900002169","LCSC","T","SMT"
"14","1","DW01A","U3","SOT-23-6_L2.9-W1.6-P0.95-LS2.8-BL","","DW01A","","C85680","LCSC","T","SMT"
"15","1","SY-VOC-35BM","U31","COMM-SMD_11P-P2.54_SY-VOC-35BM","","SY-VOC-35BM","saiya(赛亚)","C7421563","LCSC","T","SMT"
"16","1","wemos_LOLIN_D32","U32","LOLIN D32","","","","","","T","DIP"
"17","1","MCP23017-E/SS","U33","SSOP-28_L10.2-W5.3-P0.65-LS7.8-BL","","MCP23017-E/SS","MICROCHIP(美国微芯)","C506653","LCSC","T","SMT"
"18","1","HS20HS072RX","U34","OLED-SMD_HS20HS072RX","","HS20HS072RX","HS(汉昇)","C5329582","LCSC","T","SMT"
"19","1","SX1509BIULTRT","U36","QFN-28_L4.0-W4.0-P0.40-BL-EP","","SX1509BIULTRT","SEMTECH","C128430","LCSC","T","SMT"
