"Designator","Device","Footprint","Mid X","Mid Y","Ref X","Ref Y","Pad X","Pad Y","Pins","Layer","Rotation","SMD","Comment","Name"
"C1","CAP_0603","C0603","77.343mm","-163.957mm","77.343mm","-163.957mm","77.343mm","-164.657mm","2","T","90","Yes","0.1µF","0.1µF"
"C2","CAP_0603","C0603","68.834mm","-156.083mm","68.834mm","-156.083mm","68.834mm","-155.383mm","2","T","270","Yes","10µF","10µF"
"C3","CAP_0603","C0603","65.659mm","-156.718mm","65.659mm","-156.718mm","65.659mm","-156.018mm","2","T","270","Yes","10µF","10µF"
"D1","1N4148_C406389","DO-35_BD2.0-L4.2-P8.20-D0.5-RD","12.355mm","-49.054mm","12.355mm","-49.054mm","8.255mm","-49.054mm","2","T","0","No","1N4148","1N4148"
"D2","1N4148_C406389","DO-35_BD2.0-L4.2-P8.20-D0.5-RD","27.405mm","-49.054mm","27.405mm","-49.054mm","23.305mm","-49.054mm","2","T","0","No","1N4148","1N4148"
"D3","1N4148_C406389","DO-35_BD2.0-L4.2-P8.20-D0.5-RD","42.455mm","-49.054mm","42.455mm","-49.054mm","38.355mm","-49.054mm","2","T","0","No","1N4148","1N4148"
"D4","1N4148_C406389","DO-35_BD2.0-L4.2-P8.20-D0.5-RD","57.545mm","-49.054mm","57.545mm","-49.054mm","53.445mm","-49.054mm","2","T","0","No","1N4148","1N4148"
"D5","1N4148_C406389","DO-35_BD2.0-L4.2-P8.20-D0.5-RD","72.595mm","-49.054mm","72.595mm","-49.054mm","68.495mm","-49.054mm","2","T","0","No","1N4148","1N4148"
"D6","1N4148_C406389","DO-35_BD2.0-L4.2-P8.20-D0.5-RD","12.355mm","-67.058mm","12.355mm","-67.058mm","8.255mm","-67.058mm","2","T","0","No","1N4148","1N4148"
"D7","1N4148_C406389","DO-35_BD2.0-L4.2-P8.20-D0.5-RD","27.405mm","-67.058mm","27.405mm","-67.058mm","23.305mm","-67.058mm","2","T","0","No","1N4148","1N4148"
"D8","1N4148_C406389","DO-35_BD2.0-L4.2-P8.20-D0.5-RD","42.455mm","-67.058mm","42.455mm","-67.058mm","38.355mm","-67.058mm","2","T","0","No","1N4148","1N4148"
"D9","1N4148_C406389","DO-35_BD2.0-L4.2-P8.20-D0.5-RD","57.545mm","-67.058mm","57.545mm","-67.058mm","53.445mm","-67.058mm","2","T","0","No","1N4148","1N4148"
"D10","1N4148_C406389","DO-35_BD2.0-L4.2-P8.20-D0.5-RD","72.595mm","-67.058mm","72.595mm","-67.058mm","68.495mm","-67.058mm","2","T","0","No","1N4148","1N4148"
"D11","1N4148_C406389","DO-35_BD2.0-L4.2-P8.20-D0.5-RD","12.355mm","-85.842mm","12.355mm","-85.842mm","8.255mm","-85.842mm","2","T","0","No","1N4148","1N4148"
"D12","1N4148_C406389","DO-35_BD2.0-L4.2-P8.20-D0.5-RD","27.405mm","-85.842mm","27.405mm","-85.842mm","23.305mm","-85.842mm","2","T","0","No","1N4148","1N4148"
"D13","1N4148_C406389","DO-35_BD2.0-L4.2-P8.20-D0.5-RD","42.455mm","-85.842mm","42.455mm","-85.842mm","38.355mm","-85.842mm","2","T","0","No","1N4148","1N4148"
"D14","1N4148_C406389","DO-35_BD2.0-L4.2-P8.20-D0.5-RD","57.545mm","-84.968mm","57.545mm","-84.968mm","53.445mm","-84.968mm","2","T","0","No","1N4148","1N4148"
"D15","1N4148_C406389","DO-35_BD2.0-L4.2-P8.20-D0.5-RD","72.595mm","-84.968mm","72.595mm","-84.968mm","68.495mm","-84.968mm","2","T","0","No","1N4148","1N4148"
"D16","1N4148_C406389","DO-35_BD2.0-L4.2-P8.20-D0.5-RD","12.355mm","-106.67mm","12.355mm","-106.67mm","8.255mm","-106.67mm","2","T","0","No","1N4148","1N4148"
"D17","1N4148_C406389","DO-35_BD2.0-L4.2-P8.20-D0.5-RD","27.405mm","-106.67mm","27.405mm","-106.67mm","23.305mm","-106.67mm","2","T","0","No","1N4148","1N4148"
"D18","1N4148_C406389","DO-35_BD2.0-L4.2-P8.20-D0.5-RD","42.455mm","-106.67mm","42.455mm","-106.67mm","38.355mm","-106.67mm","2","T","0","No","1N4148","1N4148"
"D19","1N4148_C406389","DO-35_BD2.0-L4.2-P8.20-D0.5-RD","57.545mm","-106.67mm","57.545mm","-106.67mm","53.445mm","-106.67mm","2","T","0","No","1N4148","1N4148"
"D20","1N4148_C406389","DO-35_BD2.0-L4.2-P8.20-D0.5-RD","72.595mm","-106.67mm","72.595mm","-106.67mm","68.495mm","-106.67mm","2","T","0","No","1N4148","1N4148"
"D21","1N4148_C406389","DO-35_BD2.0-L4.2-P8.20-D0.5-RD","12.355mm","-124.674mm","12.355mm","-124.674mm","8.255mm","-124.674mm","2","T","0","No","1N4148","1N4148"
"D22","1N4148_C406389","DO-35_BD2.0-L4.2-P8.20-D0.5-RD","27.405mm","-124.674mm","27.405mm","-124.674mm","23.305mm","-124.674mm","2","T","0","No","1N4148","1N4148"
"D23","1N4148_C406389","DO-35_BD2.0-L4.2-P8.20-D0.5-RD","42.455mm","-124.674mm","42.455mm","-124.674mm","38.355mm","-124.674mm","2","T","0","No","1N4148","1N4148"
"D24","1N4148_C406389","DO-35_BD2.0-L4.2-P8.20-D0.5-RD","57.545mm","-124.674mm","57.545mm","-124.674mm","53.445mm","-124.674mm","2","T","0","No","1N4148","1N4148"
"D25","1N4148_C406389","DO-35_BD2.0-L4.2-P8.20-D0.5-RD","72.595mm","-124.674mm","72.595mm","-124.674mm","68.495mm","-124.674mm","2","T","0","No","1N4148","1N4148"
"D26","1N4148_C406389","DO-35_BD2.0-L4.2-P8.20-D0.5-RD","12.355mm","-144.219mm","12.355mm","-144.219mm","8.255mm","-144.219mm","2","T","0","No","1N4148","1N4148"
"D27","1N4148_C406389","DO-35_BD2.0-L4.2-P8.20-D0.5-RD","27.405mm","-144.219mm","27.405mm","-144.219mm","23.305mm","-144.219mm","2","T","0","No","1N4148","1N4148"
"D28","1N4148_C406389","DO-35_BD2.0-L4.2-P8.20-D0.5-RD","42.455mm","-144.219mm","42.455mm","-144.219mm","38.355mm","-144.219mm","2","T","0","No","1N4148","1N4148"
"D29","1N4148_C406389","DO-35_BD2.0-L4.2-P8.20-D0.5-RD","57.545mm","-144.219mm","57.545mm","-144.219mm","53.445mm","-144.219mm","2","T","0","No","1N4148","1N4148"
"D30","1N4148_C406389","DO-35_BD2.0-L4.2-P8.20-D0.5-RD","72.595mm","-144.219mm","72.595mm","-144.219mm","68.495mm","-144.219mm","2","T","0","No","1N4148","1N4148"
"H1","10129380-904001ALF","HDR-SMD_4P-P2.54-V-M-LS4.8-2","84.836mm","-126.238mm","84.836mm","-126.238mm","83.036mm","-130.048mm","4","T","90","Yes","10129380-904001ALF","10129380-904001ALF"
"H2","10129380-904001ALF","HDR-SMD_4P-P2.54-V-M-LS4.8-2","83.566mm","-145.415mm","83.566mm","-145.415mm","81.766mm","-149.225mm","4","T","90","Yes","10129380-904001ALF","10129380-904001ALF"
"LED1","KT-0805G","LED0805-R-RD","106.172mm","-117.729mm","106.172mm","-117.729mm","105.122mm","-117.729mm","2","T","180","Yes","KT-0805G","KT-0805G"
"LED2","KT-0603R","LED-SMD_L1.6-W0.8-R-RD","97.536mm","-118.237mm","97.536mm","-118.237mm","96.786mm","-118.237mm","2","T","180","Yes","KT-0603R","KT-0603R"
"Q1","FS8205A","TSSOP-8_L4.4-W3.0-P0.65-LS6.4-BL-2","75.438mm","-169.418mm","75.438mm","-169.418mm","72.238mm","-168.443mm","8","T","270","Yes","FS8205A","FS8205A"
"R1","Res_0603","R0603","72.136mm","-164.211mm","72.136mm","-164.211mm","72.136mm","-164.964mm","2","T","90","Yes","1k","1k"
"R2","Res_0603","R0603","80.137mm","-161.544mm","80.137mm","-161.544mm","80.137mm","-162.297mm","2","T","90","Yes","100","100"
"R3","Res_0603","R0603","67.691mm","-169.291mm","67.691mm","-169.291mm","68.444mm","-169.291mm","2","T","180","Yes","1.2k","1.2k"
"R4","Res_0603","R0603","78.994mm","-154.686mm","78.994mm","-154.686mm","79.747mm","-154.686mm","2","T","180","Yes","1k","1k"
"R5","Res_0603","R0603","73.025mm","-154.559mm","73.025mm","-154.559mm","72.272mm","-154.559mm","2","T","0","Yes","1k","1k"
"S1","KEYBOARD SWITCH","Switch_Keyboard_Cherry_MX:SW_Cherry_MX_PCB","7.315mm","-37.512mm","7.315mm","-40.052mm","3.505mm","-37.512mm","7","T","0","No","KEYBOARD SWITCH","KEYBOARD SWITCH"
"S2","KEYBOARD SWITCH","Switch_Keyboard_Cherry_MX:SW_Cherry_MX_PCB","22.365mm","-37.512mm","22.365mm","-40.052mm","18.555mm","-37.512mm","7","T","0","No","KEYBOARD SWITCH","KEYBOARD SWITCH"
"S3","KEYBOARD SWITCH","Switch_Keyboard_Cherry_MX:SW_Cherry_MX_PCB","37.415mm","-37.512mm","37.415mm","-40.052mm","33.605mm","-37.512mm","7","T","0","No","KEYBOARD SWITCH","KEYBOARD SWITCH"
"S4","KEYBOARD SWITCH","Switch_Keyboard_Cherry_MX:SW_Cherry_MX_PCB","52.505mm","-37.512mm","52.505mm","-40.052mm","48.695mm","-37.512mm","7","T","0","No","KEYBOARD SWITCH","KEYBOARD SWITCH"
"S5","KEYBOARD SWITCH","Switch_Keyboard_Cherry_MX:SW_Cherry_MX_PCB","67.555mm","-37.512mm","67.555mm","-40.052mm","63.745mm","-37.512mm","7","T","0","No","KEYBOARD SWITCH","KEYBOARD SWITCH"
"S6","KEYBOARD SWITCH","Switch_Keyboard_Cherry_MX:SW_Cherry_MX_PCB","7.315mm","-55.516mm","7.315mm","-58.056mm","3.505mm","-55.516mm","7","T","0","No","KEYBOARD SWITCH","KEYBOARD SWITCH"
"S7","KEYBOARD SWITCH","Switch_Keyboard_Cherry_MX:SW_Cherry_MX_PCB","22.365mm","-55.516mm","22.365mm","-58.056mm","18.555mm","-55.516mm","7","T","0","No","KEYBOARD SWITCH","KEYBOARD SWITCH"
"S8","KEYBOARD SWITCH","Switch_Keyboard_Cherry_MX:SW_Cherry_MX_PCB","37.415mm","-55.516mm","37.415mm","-58.056mm","33.605mm","-55.516mm","7","T","0","No","KEYBOARD SWITCH","KEYBOARD SWITCH"
"S9","KEYBOARD SWITCH","Switch_Keyboard_Cherry_MX:SW_Cherry_MX_PCB","52.505mm","-55.516mm","52.505mm","-58.056mm","48.695mm","-55.516mm","7","T","0","No","KEYBOARD SWITCH","KEYBOARD SWITCH"
"S10","KEYBOARD SWITCH","Switch_Keyboard_Cherry_MX:SW_Cherry_MX_PCB","67.555mm","-55.516mm","67.555mm","-58.056mm","63.745mm","-55.516mm","7","T","0","No","KEYBOARD SWITCH","KEYBOARD SWITCH"
"S11","KEYBOARD SWITCH","Switch_Keyboard_Cherry_MX:SW_Cherry_MX_PCB","7.315mm","-74.188mm","7.315mm","-76.728mm","3.505mm","-74.188mm","7","T","0","No","KEYBOARD SWITCH","KEYBOARD SWITCH"
"S12","KEYBOARD SWITCH","Switch_Keyboard_Cherry_MX:SW_Cherry_MX_PCB","22.365mm","-74.188mm","22.365mm","-76.728mm","18.555mm","-74.188mm","7","T","0","No","KEYBOARD SWITCH","KEYBOARD SWITCH"
"S13","KEYBOARD SWITCH","Switch_Keyboard_Cherry_MX:SW_Cherry_MX_PCB","37.415mm","-74.188mm","37.415mm","-76.728mm","33.605mm","-74.188mm","7","T","0","No","KEYBOARD SWITCH","KEYBOARD SWITCH"
"S14","KEYBOARD SWITCH","Switch_Keyboard_Cherry_MX:SW_Cherry_MX_PCB","52.465mm","-73.426mm","52.465mm","-75.966mm","48.655mm","-73.426mm","7","T","0","No","KEYBOARD SWITCH","KEYBOARD SWITCH"
"S15","KEYBOARD SWITCH","Switch_Keyboard_Cherry_MX:SW_Cherry_MX_PCB","67.515mm","-73.426mm","67.515mm","-75.966mm","63.705mm","-73.426mm","7","T","0","No","KEYBOARD SWITCH","KEYBOARD SWITCH"
"S16","KEYBOARD SWITCH","Switch_Keyboard_Cherry_MX:SW_Cherry_MX_PCB","7.275mm","-95.128mm","7.275mm","-97.668mm","3.465mm","-95.128mm","7","T","0","No","KEYBOARD SWITCH","KEYBOARD SWITCH"
"S17","KEYBOARD SWITCH","Switch_Keyboard_Cherry_MX:SW_Cherry_MX_PCB","22.325mm","-95.128mm","22.325mm","-97.668mm","18.515mm","-95.128mm","7","T","0","No","KEYBOARD SWITCH","KEYBOARD SWITCH"
"S18","KEYBOARD SWITCH","Switch_Keyboard_Cherry_MX:SW_Cherry_MX_PCB","37.375mm","-95.128mm","37.375mm","-97.668mm","33.565mm","-95.128mm","7","T","0","No","KEYBOARD SWITCH","KEYBOARD SWITCH"
"S19","KEYBOARD SWITCH","Switch_Keyboard_Cherry_MX:SW_Cherry_MX_PCB","52.465mm","-95.128mm","52.465mm","-97.668mm","48.655mm","-95.128mm","7","T","0","No","KEYBOARD SWITCH","KEYBOARD SWITCH"
"S20","KEYBOARD SWITCH","Switch_Keyboard_Cherry_MX:SW_Cherry_MX_PCB","67.515mm","-95.128mm","67.515mm","-97.668mm","63.705mm","-95.128mm","7","T","0","No","KEYBOARD SWITCH","KEYBOARD SWITCH"
"S21","KEYBOARD SWITCH","Switch_Keyboard_Cherry_MX:SW_Cherry_MX_PCB","7.275mm","-113.132mm","7.275mm","-115.672mm","3.465mm","-113.132mm","7","T","0","No","KEYBOARD SWITCH","KEYBOARD SWITCH"
"S22","KEYBOARD SWITCH","Switch_Keyboard_Cherry_MX:SW_Cherry_MX_PCB","22.325mm","-113.132mm","22.325mm","-115.672mm","18.515mm","-113.132mm","7","T","0","No","KEYBOARD SWITCH","KEYBOARD SWITCH"
"S23","KEYBOARD SWITCH","Switch_Keyboard_Cherry_MX:SW_Cherry_MX_PCB","37.375mm","-113.132mm","37.375mm","-115.672mm","33.565mm","-113.132mm","7","T","0","No","KEYBOARD SWITCH","KEYBOARD SWITCH"
"S24","KEYBOARD SWITCH","Switch_Keyboard_Cherry_MX:SW_Cherry_MX_PCB","52.465mm","-113.132mm","52.465mm","-115.672mm","48.655mm","-113.132mm","7","T","0","No","KEYBOARD SWITCH","KEYBOARD SWITCH"
"S25","KEYBOARD SWITCH","Switch_Keyboard_Cherry_MX:SW_Cherry_MX_PCB","67.515mm","-113.132mm","67.515mm","-115.672mm","63.705mm","-113.132mm","7","T","0","No","KEYBOARD SWITCH","KEYBOARD SWITCH"
"S26","KEYBOARD SWITCH","Switch_Keyboard_Cherry_MX:SW_Cherry_MX_PCB","7.315mm","-132.944mm","7.315mm","-135.484mm","3.505mm","-132.944mm","7","T","0","No","KEYBOARD SWITCH","KEYBOARD SWITCH"
"S27","KEYBOARD SWITCH","Switch_Keyboard_Cherry_MX:SW_Cherry_MX_PCB","22.365mm","-132.944mm","22.365mm","-135.484mm","18.555mm","-132.944mm","7","T","0","No","KEYBOARD SWITCH","KEYBOARD SWITCH"
"S28","KEYBOARD SWITCH","Switch_Keyboard_Cherry_MX:SW_Cherry_MX_PCB","37.415mm","-132.944mm","37.415mm","-135.484mm","33.605mm","-132.944mm","7","T","0","No","KEYBOARD SWITCH","KEYBOARD SWITCH"
"S29","KEYBOARD SWITCH","Switch_Keyboard_Cherry_MX:SW_Cherry_MX_PCB","52.505mm","-132.944mm","52.505mm","-135.484mm","48.695mm","-132.944mm","7","T","0","No","KEYBOARD SWITCH","KEYBOARD SWITCH"
"S30","KEYBOARD SWITCH","Switch_Keyboard_Cherry_MX:SW_Cherry_MX_PCB","67.555mm","-132.944mm","67.555mm","-135.484mm","63.745mm","-132.944mm","7","T","0","No","KEYBOARD SWITCH","KEYBOARD SWITCH"
"U2","TP4056","ESOP-8_L4.9-W3.9-P1.27-LS6.0-BL-EP","66.929mm","-163.703mm","66.929mm","-163.703mm","65.024mm","-166.611mm","9","T","0","Yes","TP4056","TP4056"
"U3","DW01A_C85680","SOT-23-6_L2.9-W1.6-P0.95-LS2.8-BL","74.93mm","-157.861mm","74.93mm","-157.861mm","76.079mm","-158.811mm","6","T","90","Yes","DW01A","DW01A"
"U31","SY-VOC-35BM","COMM-SMD_11P-P2.54_SY-VOC-35BM","101.727mm","-9.779mm","101.727mm","-9.779mm","106.807mm","-2.779mm","11","T","270","Yes","SY-VOC-35BM","SY-VOC-35BM"
"U32","wemos_LOLIN_D32","LOLIN D32","30.734mm","-173.609mm","30.734mm","-173.609mm","49.784mm","-162.179mm","32","T","270","No","wemos_LOLIN_D32","wemos_LOLIN_D32"
"U33","MCP23017-E/SS","SSOP-28_L10.2-W5.3-P0.65-LS7.8-BL","87.376mm","-105.918mm","87.376mm","-105.918mm","83.921mm","-101.693mm","28","T","270","Yes","MCP23017-E/SS","MCP23017-E/SS"
"U34","HS20HS072RX","OLED-SMD_HS20HS072RX","82.042mm","-9.652mm","82.042mm","-9.652mm","82.042mm","-12.402mm","12","T","90","Yes","HS20HS072RX","HS20HS072RX"
"U36","SX1509BIULTRT","QFN-28_L4.0-W4.0-P0.40-BL-EP","66.393mm","-181.331mm","66.393mm","-181.331mm","65.193mm","-183.238mm","29","T","0","Yes","SX1509BIULTRT","SX1509BIULTRT"
"C4","CAP_0603","C0603","87.376mm","-15.621mm","87.376mm","-15.621mm","87.376mm","-14.921mm","2","T","270","Yes","0.1µF","0.1µF"
"R6","Res_0603","R0603","91.186mm","-15.875mm","91.186mm","-15.875mm","91.186mm","-16.628mm","2","T","90","Yes","5.1Ω","5.1Ω"
